new_filename,new_path,language_code,target_country_slug,target_country_name,target_service_slug,target_page_url,alt_localized,title_localized,caption_localized
sos-expat-editorial-visual-global-arabic-square-001.webp,images/ar/global/sos-expat-editorial-visual-global-arabic-square-001.webp,ar,,,,,"Visuel éditorial SOS Expat en arabic, format square, pour contenu média et presse.",SOS Expat press visual arabic global square,"Visuel SOS Expat utilisable pour article, média ou presse en arabic."
sos-expat-editorial-visual-global-arabic-landscape-002.webp,images/ar/global/sos-expat-editorial-visual-global-arabic-landscape-002.webp,ar,,,,,"Visuel éditorial SOS Expat en arabic, format landscape, pour contenu média et presse.",SOS Expat press visual arabic global landscape,"Visuel SOS Expat utilisable pour article, média ou presse en arabic."
sos-expat-editorial-visual-global-arabic-landscape-003.webp,images/ar/global/sos-expat-editorial-visual-global-arabic-landscape-003.webp,ar,,,,,"Visuel éditorial SOS Expat en arabic, format landscape, pour contenu média et presse.",SOS Expat press visual arabic global landscape,"Visuel SOS Expat utilisable pour article, média ou presse en arabic."
sos-expat-editorial-visual-global-arabic-landscape-004.webp,images/ar/global/sos-expat-editorial-visual-global-arabic-landscape-004.webp,ar,,,,,"Visuel éditorial SOS Expat en arabic, format landscape, pour contenu média et presse.",SOS Expat press visual arabic global landscape,"Visuel SOS Expat utilisable pour article, média ou presse en arabic."
sos-expat-editorial-visual-global-arabic-landscape-005.webp,images/ar/global/sos-expat-editorial-visual-global-arabic-landscape-005.webp,ar,,,,,"Visuel éditorial SOS Expat en arabic, format landscape, pour contenu média et presse.",SOS Expat press visual arabic global landscape,"Visuel SOS Expat utilisable pour article, média ou presse en arabic."
sos-expat-editorial-visual-global-arabic-landscape-006.webp,images/ar/global/sos-expat-editorial-visual-global-arabic-landscape-006.webp,ar,,,,,"Visuel éditorial SOS Expat en arabic, format landscape, pour contenu média et presse.",SOS Expat press visual arabic global landscape,"Visuel SOS Expat utilisable pour article, média ou presse en arabic."
sos-expat-editorial-visual-global-arabic-landscape-007.webp,images/ar/global/sos-expat-editorial-visual-global-arabic-landscape-007.webp,ar,,,,,"Visuel éditorial SOS Expat en arabic, format landscape, pour contenu média et presse.",SOS Expat press visual arabic global landscape,"Visuel SOS Expat utilisable pour article, média ou presse en arabic."
sos-expat-editorial-visual-global-arabic-landscape-008.webp,images/ar/global/sos-expat-editorial-visual-global-arabic-landscape-008.webp,ar,,,,,"Visuel éditorial SOS Expat en arabic, format landscape, pour contenu média et presse.",SOS Expat press visual arabic global landscape,"Visuel SOS Expat utilisable pour article, média ou presse en arabic."
sos-expat-editorial-visual-global-arabic-landscape-009.webp,images/ar/global/sos-expat-editorial-visual-global-arabic-landscape-009.webp,ar,,,,,"Visuel éditorial SOS Expat en arabic, format landscape, pour contenu média et presse.",SOS Expat press visual arabic global landscape,"Visuel SOS Expat utilisable pour article, média ou presse en arabic."
sos-expat-editorial-visual-global-arabic-landscape-010.webp,images/ar/global/sos-expat-editorial-visual-global-arabic-landscape-010.webp,ar,,,,,"Visuel éditorial SOS Expat en arabic, format landscape, pour contenu média et presse.",SOS Expat press visual arabic global landscape,"Visuel SOS Expat utilisable pour article, média ou presse en arabic."
sos-expat-editorial-visual-global-arabic-square-011.webp,images/ar/global/sos-expat-editorial-visual-global-arabic-square-011.webp,ar,,,,,"Visuel éditorial SOS Expat en arabic, format square, pour contenu média et presse.",SOS Expat press visual arabic global square,"Visuel SOS Expat utilisable pour article, média ou presse en arabic."
sos-expat-editorial-visual-global-arabic-square-012.webp,images/ar/global/sos-expat-editorial-visual-global-arabic-square-012.webp,ar,,,,,"Visuel éditorial SOS Expat en arabic, format square, pour contenu média et presse.",SOS Expat press visual arabic global square,"Visuel SOS Expat utilisable pour article, média ou presse en arabic."
sos-expat-editorial-visual-global-arabic-landscape-013.webp,images/ar/global/sos-expat-editorial-visual-global-arabic-landscape-013.webp,ar,,,,,"Visuel éditorial SOS Expat en arabic, format landscape, pour contenu média et presse.",SOS Expat press visual arabic global landscape,"Visuel SOS Expat utilisable pour article, média ou presse en arabic."
sos-expat-editorial-visual-global-arabic-landscape-014.webp,images/ar/global/sos-expat-editorial-visual-global-arabic-landscape-014.webp,ar,,,,,"Visuel éditorial SOS Expat en arabic, format landscape, pour contenu média et presse.",SOS Expat press visual arabic global landscape,"Visuel SOS Expat utilisable pour article, média ou presse en arabic."
sos-expat-editorial-visual-global-arabic-landscape-015.webp,images/ar/global/sos-expat-editorial-visual-global-arabic-landscape-015.webp,ar,,,,,"Visuel éditorial SOS Expat en arabic, format landscape, pour contenu média et presse.",SOS Expat press visual arabic global landscape,"Visuel SOS Expat utilisable pour article, média ou presse en arabic."
sos-expat-editorial-visual-global-arabic-square-016.webp,images/ar/global/sos-expat-editorial-visual-global-arabic-square-016.webp,ar,,,,,"Visuel éditorial SOS Expat en arabic, format square, pour contenu média et presse.",SOS Expat press visual arabic global square,"Visuel SOS Expat utilisable pour article, média ou presse en arabic."
sos-expat-editorial-visual-global-arabic-square-017.webp,images/ar/global/sos-expat-editorial-visual-global-arabic-square-017.webp,ar,,,,,"Visuel éditorial SOS Expat en arabic, format square, pour contenu média et presse.",SOS Expat press visual arabic global square,"Visuel SOS Expat utilisable pour article, média ou presse en arabic."
sos-expat-editorial-visual-global-arabic-square-018.webp,images/ar/global/sos-expat-editorial-visual-global-arabic-square-018.webp,ar,,,,,"Visuel éditorial SOS Expat en arabic, format square, pour contenu média et presse.",SOS Expat press visual arabic global square,"Visuel SOS Expat utilisable pour article, média ou presse en arabic."
sos-expat-logo-global-arabic-square-019.webp,images/ar/global/sos-expat-logo-global-arabic-square-019.webp,ar,,,,,Logo SOS Expat version arabic global.,SOS Expat logo arabic global,Logo SOS Expat pour version arabic.
sos-expat-editorial-visual-china-chinese-square-001.webp,images/zh/china/sos-expat-editorial-visual-china-chinese-square-001.webp,zh,,,,,"Visuel éditorial SOS Expat en chinese, format square, pour contenu média et presse.",SOS Expat press visual chinese china square,"Visuel SOS Expat utilisable pour article, média ou presse en chinese."
sos-expat-editorial-visual-china-chinese-landscape-002.webp,images/zh/china/sos-expat-editorial-visual-china-chinese-landscape-002.webp,zh,,,,,"Visuel éditorial SOS Expat en chinese, format landscape, pour contenu média et presse.",SOS Expat press visual chinese china landscape,"Visuel SOS Expat utilisable pour article, média ou presse en chinese."
sos-expat-editorial-visual-china-chinese-landscape-003.webp,images/zh/china/sos-expat-editorial-visual-china-chinese-landscape-003.webp,zh,,,,,"Visuel éditorial SOS Expat en chinese, format landscape, pour contenu média et presse.",SOS Expat press visual chinese china landscape,"Visuel SOS Expat utilisable pour article, média ou presse en chinese."
sos-expat-editorial-visual-china-chinese-landscape-004.webp,images/zh/china/sos-expat-editorial-visual-china-chinese-landscape-004.webp,zh,,,,,"Visuel éditorial SOS Expat en chinese, format landscape, pour contenu média et presse.",SOS Expat press visual chinese china landscape,"Visuel SOS Expat utilisable pour article, média ou presse en chinese."
sos-expat-editorial-visual-china-chinese-landscape-005.webp,images/zh/china/sos-expat-editorial-visual-china-chinese-landscape-005.webp,zh,,,,,"Visuel éditorial SOS Expat en chinese, format landscape, pour contenu média et presse.",SOS Expat press visual chinese china landscape,"Visuel SOS Expat utilisable pour article, média ou presse en chinese."
sos-expat-editorial-visual-china-chinese-landscape-006.webp,images/zh/china/sos-expat-editorial-visual-china-chinese-landscape-006.webp,zh,,,,,"Visuel éditorial SOS Expat en chinese, format landscape, pour contenu média et presse.",SOS Expat press visual chinese china landscape,"Visuel SOS Expat utilisable pour article, média ou presse en chinese."
sos-expat-editorial-visual-china-chinese-landscape-007.webp,images/zh/china/sos-expat-editorial-visual-china-chinese-landscape-007.webp,zh,,,,,"Visuel éditorial SOS Expat en chinese, format landscape, pour contenu média et presse.",SOS Expat press visual chinese china landscape,"Visuel SOS Expat utilisable pour article, média ou presse en chinese."
sos-expat-editorial-visual-china-chinese-landscape-008.webp,images/zh/china/sos-expat-editorial-visual-china-chinese-landscape-008.webp,zh,,,,,"Visuel éditorial SOS Expat en chinese, format landscape, pour contenu média et presse.",SOS Expat press visual chinese china landscape,"Visuel SOS Expat utilisable pour article, média ou presse en chinese."
sos-expat-editorial-visual-china-chinese-landscape-009.webp,images/zh/china/sos-expat-editorial-visual-china-chinese-landscape-009.webp,zh,,,,,"Visuel éditorial SOS Expat en chinese, format landscape, pour contenu média et presse.",SOS Expat press visual chinese china landscape,"Visuel SOS Expat utilisable pour article, média ou presse en chinese."
sos-expat-editorial-visual-china-chinese-landscape-010.webp,images/zh/china/sos-expat-editorial-visual-china-chinese-landscape-010.webp,zh,,,,,"Visuel éditorial SOS Expat en chinese, format landscape, pour contenu média et presse.",SOS Expat press visual chinese china landscape,"Visuel SOS Expat utilisable pour article, média ou presse en chinese."
sos-expat-editorial-visual-china-chinese-square-011.webp,images/zh/china/sos-expat-editorial-visual-china-chinese-square-011.webp,zh,,,,,"Visuel éditorial SOS Expat en chinese, format square, pour contenu média et presse.",SOS Expat press visual chinese china square,"Visuel SOS Expat utilisable pour article, média ou presse en chinese."
sos-expat-editorial-visual-china-chinese-square-012.webp,images/zh/china/sos-expat-editorial-visual-china-chinese-square-012.webp,zh,,,,,"Visuel éditorial SOS Expat en chinese, format square, pour contenu média et presse.",SOS Expat press visual chinese china square,"Visuel SOS Expat utilisable pour article, média ou presse en chinese."
sos-expat-editorial-visual-china-chinese-landscape-013.webp,images/zh/china/sos-expat-editorial-visual-china-chinese-landscape-013.webp,zh,,,,,"Visuel éditorial SOS Expat en chinese, format landscape, pour contenu média et presse.",SOS Expat press visual chinese china landscape,"Visuel SOS Expat utilisable pour article, média ou presse en chinese."
sos-expat-editorial-visual-china-chinese-landscape-014.webp,images/zh/china/sos-expat-editorial-visual-china-chinese-landscape-014.webp,zh,,,,,"Visuel éditorial SOS Expat en chinese, format landscape, pour contenu média et presse.",SOS Expat press visual chinese china landscape,"Visuel SOS Expat utilisable pour article, média ou presse en chinese."
sos-expat-editorial-visual-china-chinese-landscape-015.webp,images/zh/china/sos-expat-editorial-visual-china-chinese-landscape-015.webp,zh,,,,,"Visuel éditorial SOS Expat en chinese, format landscape, pour contenu média et presse.",SOS Expat press visual chinese china landscape,"Visuel SOS Expat utilisable pour article, média ou presse en chinese."
sos-expat-editorial-visual-china-chinese-square-016.webp,images/zh/china/sos-expat-editorial-visual-china-chinese-square-016.webp,zh,,,,,"Visuel éditorial SOS Expat en chinese, format square, pour contenu média et presse.",SOS Expat press visual chinese china square,"Visuel SOS Expat utilisable pour article, média ou presse en chinese."
sos-expat-editorial-visual-china-chinese-square-017.webp,images/zh/china/sos-expat-editorial-visual-china-chinese-square-017.webp,zh,,,,,"Visuel éditorial SOS Expat en chinese, format square, pour contenu média et presse.",SOS Expat press visual chinese china square,"Visuel SOS Expat utilisable pour article, média ou presse en chinese."
sos-expat-editorial-visual-china-chinese-square-018.webp,images/zh/china/sos-expat-editorial-visual-china-chinese-square-018.webp,zh,,,,,"Visuel éditorial SOS Expat en chinese, format square, pour contenu média et presse.",SOS Expat press visual chinese china square,"Visuel SOS Expat utilisable pour article, média ou presse en chinese."
sos-expat-logo-china-chinese-square-019.webp,images/zh/china/sos-expat-logo-china-chinese-square-019.webp,zh,,,,,Logo SOS Expat version chinese china.,SOS Expat logo chinese china,Logo SOS Expat pour version chinese.
sos-expat-editorial-visual-germany-german-square-001.webp,images/de/germany/sos-expat-editorial-visual-germany-german-square-001.webp,de,,,,,"Visuel éditorial SOS Expat en german, format square, pour contenu média et presse.",SOS Expat press visual german germany square,"Visuel SOS Expat utilisable pour article, média ou presse en german."
sos-expat-editorial-visual-germany-german-landscape-002.webp,images/de/germany/sos-expat-editorial-visual-germany-german-landscape-002.webp,de,,,,,"Visuel éditorial SOS Expat en german, format landscape, pour contenu média et presse.",SOS Expat press visual german germany landscape,"Visuel SOS Expat utilisable pour article, média ou presse en german."
sos-expat-editorial-visual-germany-german-landscape-003.webp,images/de/germany/sos-expat-editorial-visual-germany-german-landscape-003.webp,de,,,,,"Visuel éditorial SOS Expat en german, format landscape, pour contenu média et presse.",SOS Expat press visual german germany landscape,"Visuel SOS Expat utilisable pour article, média ou presse en german."
sos-expat-editorial-visual-germany-german-landscape-004.webp,images/de/germany/sos-expat-editorial-visual-germany-german-landscape-004.webp,de,,,,,"Visuel éditorial SOS Expat en german, format landscape, pour contenu média et presse.",SOS Expat press visual german germany landscape,"Visuel SOS Expat utilisable pour article, média ou presse en german."
sos-expat-editorial-visual-germany-german-landscape-005.webp,images/de/germany/sos-expat-editorial-visual-germany-german-landscape-005.webp,de,,,,,"Visuel éditorial SOS Expat en german, format landscape, pour contenu média et presse.",SOS Expat press visual german germany landscape,"Visuel SOS Expat utilisable pour article, média ou presse en german."
sos-expat-editorial-visual-germany-german-landscape-006.webp,images/de/germany/sos-expat-editorial-visual-germany-german-landscape-006.webp,de,,,,,"Visuel éditorial SOS Expat en german, format landscape, pour contenu média et presse.",SOS Expat press visual german germany landscape,"Visuel SOS Expat utilisable pour article, média ou presse en german."
sos-expat-editorial-visual-germany-german-landscape-007.webp,images/de/germany/sos-expat-editorial-visual-germany-german-landscape-007.webp,de,,,,,"Visuel éditorial SOS Expat en german, format landscape, pour contenu média et presse.",SOS Expat press visual german germany landscape,"Visuel SOS Expat utilisable pour article, média ou presse en german."
sos-expat-editorial-visual-germany-german-landscape-008.webp,images/de/germany/sos-expat-editorial-visual-germany-german-landscape-008.webp,de,,,,,"Visuel éditorial SOS Expat en german, format landscape, pour contenu média et presse.",SOS Expat press visual german germany landscape,"Visuel SOS Expat utilisable pour article, média ou presse en german."
sos-expat-editorial-visual-germany-german-landscape-009.webp,images/de/germany/sos-expat-editorial-visual-germany-german-landscape-009.webp,de,,,,,"Visuel éditorial SOS Expat en german, format landscape, pour contenu média et presse.",SOS Expat press visual german germany landscape,"Visuel SOS Expat utilisable pour article, média ou presse en german."
sos-expat-editorial-visual-germany-german-landscape-010.webp,images/de/germany/sos-expat-editorial-visual-germany-german-landscape-010.webp,de,,,,,"Visuel éditorial SOS Expat en german, format landscape, pour contenu média et presse.",SOS Expat press visual german germany landscape,"Visuel SOS Expat utilisable pour article, média ou presse en german."
sos-expat-editorial-visual-germany-german-landscape-011.webp,images/de/germany/sos-expat-editorial-visual-germany-german-landscape-011.webp,de,,,,,"Visuel éditorial SOS Expat en german, format landscape, pour contenu média et presse.",SOS Expat press visual german germany landscape,"Visuel SOS Expat utilisable pour article, média ou presse en german."
sos-expat-editorial-visual-germany-german-square-012.webp,images/de/germany/sos-expat-editorial-visual-germany-german-square-012.webp,de,,,,,"Visuel éditorial SOS Expat en german, format square, pour contenu média et presse.",SOS Expat press visual german germany square,"Visuel SOS Expat utilisable pour article, média ou presse en german."
sos-expat-editorial-visual-germany-german-square-013.webp,images/de/germany/sos-expat-editorial-visual-germany-german-square-013.webp,de,,,,,"Visuel éditorial SOS Expat en german, format square, pour contenu média et presse.",SOS Expat press visual german germany square,"Visuel SOS Expat utilisable pour article, média ou presse en german."
sos-expat-editorial-visual-germany-german-square-014.webp,images/de/germany/sos-expat-editorial-visual-germany-german-square-014.webp,de,,,,,"Visuel éditorial SOS Expat en german, format square, pour contenu média et presse.",SOS Expat press visual german germany square,"Visuel SOS Expat utilisable pour article, média ou presse en german."
sos-expat-editorial-visual-germany-german-landscape-015.webp,images/de/germany/sos-expat-editorial-visual-germany-german-landscape-015.webp,de,,,,,"Visuel éditorial SOS Expat en german, format landscape, pour contenu média et presse.",SOS Expat press visual german germany landscape,"Visuel SOS Expat utilisable pour article, média ou presse en german."
sos-expat-editorial-visual-germany-german-landscape-016.webp,images/de/germany/sos-expat-editorial-visual-germany-german-landscape-016.webp,de,,,,,"Visuel éditorial SOS Expat en german, format landscape, pour contenu média et presse.",SOS Expat press visual german germany landscape,"Visuel SOS Expat utilisable pour article, média ou presse en german."
sos-expat-editorial-visual-germany-german-square-017.webp,images/de/germany/sos-expat-editorial-visual-germany-german-square-017.webp,de,,,,,"Visuel éditorial SOS Expat en german, format square, pour contenu média et presse.",SOS Expat press visual german germany square,"Visuel SOS Expat utilisable pour article, média ou presse en german."
sos-expat-editorial-visual-germany-german-landscape-018.webp,images/de/germany/sos-expat-editorial-visual-germany-german-landscape-018.webp,de,,,,,"Visuel éditorial SOS Expat en german, format landscape, pour contenu média et presse.",SOS Expat press visual german germany landscape,"Visuel SOS Expat utilisable pour article, média ou presse en german."
sos-expat-editorial-visual-germany-german-square-019.webp,images/de/germany/sos-expat-editorial-visual-germany-german-square-019.webp,de,,,,,"Visuel éditorial SOS Expat en german, format square, pour contenu média et presse.",SOS Expat press visual german germany square,"Visuel SOS Expat utilisable pour article, média ou presse en german."
sos-expat-editorial-visual-germany-german-square-020.webp,images/de/germany/sos-expat-editorial-visual-germany-german-square-020.webp,de,,,,,"Visuel éditorial SOS Expat en german, format square, pour contenu média et presse.",SOS Expat press visual german germany square,"Visuel SOS Expat utilisable pour article, média ou presse en german."
sos-expat-editorial-visual-germany-german-square-021.webp,images/de/germany/sos-expat-editorial-visual-germany-german-square-021.webp,de,,,,,"Visuel éditorial SOS Expat en german, format square, pour contenu média et presse.",SOS Expat press visual german germany square,"Visuel SOS Expat utilisable pour article, média ou presse en german."
sos-expat-editorial-visual-germany-german-portrait-022.webp,images/de/germany/sos-expat-editorial-visual-germany-german-portrait-022.webp,de,,,,,"Visuel éditorial SOS Expat en german, format portrait, pour contenu média et presse.",SOS Expat press visual german germany portrait,"Visuel SOS Expat utilisable pour article, média ou presse en german."
sos-expat-logo-germany-german-square-023.webp,images/de/germany/sos-expat-logo-germany-german-square-023.webp,de,,,,,Logo SOS Expat version german germany.,SOS Expat logo german germany,Logo SOS Expat pour version german.
sos-expat-editorial-visual-global-english-square-001.webp,images/en/global/sos-expat-editorial-visual-global-english-square-001.webp,en,,,,,"Visuel éditorial SOS Expat en english, format square, pour contenu média et presse.",SOS Expat press visual english global square,"Visuel SOS Expat utilisable pour article, média ou presse en english."
sos-expat-editorial-visual-global-english-landscape-002.webp,images/en/global/sos-expat-editorial-visual-global-english-landscape-002.webp,en,,,,,"Visuel éditorial SOS Expat en english, format landscape, pour contenu média et presse.",SOS Expat press visual english global landscape,"Visuel SOS Expat utilisable pour article, média ou presse en english."
sos-expat-editorial-visual-global-english-landscape-003.webp,images/en/global/sos-expat-editorial-visual-global-english-landscape-003.webp,en,,,,,"Visuel éditorial SOS Expat en english, format landscape, pour contenu média et presse.",SOS Expat press visual english global landscape,"Visuel SOS Expat utilisable pour article, média ou presse en english."
sos-expat-editorial-visual-global-english-landscape-004.webp,images/en/global/sos-expat-editorial-visual-global-english-landscape-004.webp,en,,,,,"Visuel éditorial SOS Expat en english, format landscape, pour contenu média et presse.",SOS Expat press visual english global landscape,"Visuel SOS Expat utilisable pour article, média ou presse en english."
sos-expat-editorial-visual-global-english-landscape-005.webp,images/en/global/sos-expat-editorial-visual-global-english-landscape-005.webp,en,,,,,"Visuel éditorial SOS Expat en english, format landscape, pour contenu média et presse.",SOS Expat press visual english global landscape,"Visuel SOS Expat utilisable pour article, média ou presse en english."
sos-expat-editorial-visual-global-english-landscape-006.webp,images/en/global/sos-expat-editorial-visual-global-english-landscape-006.webp,en,,,,,"Visuel éditorial SOS Expat en english, format landscape, pour contenu média et presse.",SOS Expat press visual english global landscape,"Visuel SOS Expat utilisable pour article, média ou presse en english."
sos-expat-editorial-visual-global-english-landscape-007.webp,images/en/global/sos-expat-editorial-visual-global-english-landscape-007.webp,en,,,,,"Visuel éditorial SOS Expat en english, format landscape, pour contenu média et presse.",SOS Expat press visual english global landscape,"Visuel SOS Expat utilisable pour article, média ou presse en english."
sos-expat-editorial-visual-global-english-landscape-008.webp,images/en/global/sos-expat-editorial-visual-global-english-landscape-008.webp,en,,,,,"Visuel éditorial SOS Expat en english, format landscape, pour contenu média et presse.",SOS Expat press visual english global landscape,"Visuel SOS Expat utilisable pour article, média ou presse en english."
sos-expat-editorial-visual-global-english-landscape-009.webp,images/en/global/sos-expat-editorial-visual-global-english-landscape-009.webp,en,,,,,"Visuel éditorial SOS Expat en english, format landscape, pour contenu média et presse.",SOS Expat press visual english global landscape,"Visuel SOS Expat utilisable pour article, média ou presse en english."
sos-expat-editorial-visual-global-english-landscape-010.webp,images/en/global/sos-expat-editorial-visual-global-english-landscape-010.webp,en,,,,,"Visuel éditorial SOS Expat en english, format landscape, pour contenu média et presse.",SOS Expat press visual english global landscape,"Visuel SOS Expat utilisable pour article, média ou presse en english."
sos-expat-editorial-visual-global-english-landscape-011.webp,images/en/global/sos-expat-editorial-visual-global-english-landscape-011.webp,en,,,,,"Visuel éditorial SOS Expat en english, format landscape, pour contenu média et presse.",SOS Expat press visual english global landscape,"Visuel SOS Expat utilisable pour article, média ou presse en english."
sos-expat-editorial-visual-global-english-landscape-012.webp,images/en/global/sos-expat-editorial-visual-global-english-landscape-012.webp,en,,,,,"Visuel éditorial SOS Expat en english, format landscape, pour contenu média et presse.",SOS Expat press visual english global landscape,"Visuel SOS Expat utilisable pour article, média ou presse en english."
sos-expat-editorial-visual-global-english-landscape-013.webp,images/en/global/sos-expat-editorial-visual-global-english-landscape-013.webp,en,,,,,"Visuel éditorial SOS Expat en english, format landscape, pour contenu média et presse.",SOS Expat press visual english global landscape,"Visuel SOS Expat utilisable pour article, média ou presse en english."
sos-expat-editorial-visual-global-english-landscape-014.webp,images/en/global/sos-expat-editorial-visual-global-english-landscape-014.webp,en,,,,,"Visuel éditorial SOS Expat en english, format landscape, pour contenu média et presse.",SOS Expat press visual english global landscape,"Visuel SOS Expat utilisable pour article, média ou presse en english."
sos-expat-editorial-visual-global-english-square-015.webp,images/en/global/sos-expat-editorial-visual-global-english-square-015.webp,en,,,,,"Visuel éditorial SOS Expat en english, format square, pour contenu média et presse.",SOS Expat press visual english global square,"Visuel SOS Expat utilisable pour article, média ou presse en english."
sos-expat-editorial-visual-global-english-square-016.webp,images/en/global/sos-expat-editorial-visual-global-english-square-016.webp,en,,,,,"Visuel éditorial SOS Expat en english, format square, pour contenu média et presse.",SOS Expat press visual english global square,"Visuel SOS Expat utilisable pour article, média ou presse en english."
sos-expat-editorial-visual-global-english-square-017.webp,images/en/global/sos-expat-editorial-visual-global-english-square-017.webp,en,,,,,"Visuel éditorial SOS Expat en english, format square, pour contenu média et presse.",SOS Expat press visual english global square,"Visuel SOS Expat utilisable pour article, média ou presse en english."
sos-expat-editorial-visual-global-english-square-018.webp,images/en/global/sos-expat-editorial-visual-global-english-square-018.webp,en,,,,,"Visuel éditorial SOS Expat en english, format square, pour contenu média et presse.",SOS Expat press visual english global square,"Visuel SOS Expat utilisable pour article, média ou presse en english."
sos-expat-editorial-visual-global-english-landscape-019.webp,images/en/global/sos-expat-editorial-visual-global-english-landscape-019.webp,en,,,,,"Visuel éditorial SOS Expat en english, format landscape, pour contenu média et presse.",SOS Expat press visual english global landscape,"Visuel SOS Expat utilisable pour article, média ou presse en english."
sos-expat-editorial-visual-global-english-landscape-020.webp,images/en/global/sos-expat-editorial-visual-global-english-landscape-020.webp,en,,,,,"Visuel éditorial SOS Expat en english, format landscape, pour contenu média et presse.",SOS Expat press visual english global landscape,"Visuel SOS Expat utilisable pour article, média ou presse en english."
sos-expat-editorial-visual-global-english-landscape-021.webp,images/en/global/sos-expat-editorial-visual-global-english-landscape-021.webp,en,,,,,"Visuel éditorial SOS Expat en english, format landscape, pour contenu média et presse.",SOS Expat press visual english global landscape,"Visuel SOS Expat utilisable pour article, média ou presse en english."
sos-expat-editorial-visual-global-english-landscape-022.webp,images/en/global/sos-expat-editorial-visual-global-english-landscape-022.webp,en,,,,,"Visuel éditorial SOS Expat en english, format landscape, pour contenu média et presse.",SOS Expat press visual english global landscape,"Visuel SOS Expat utilisable pour article, média ou presse en english."
sos-expat-editorial-visual-global-english-landscape-023.webp,images/en/global/sos-expat-editorial-visual-global-english-landscape-023.webp,en,,,,,"Visuel éditorial SOS Expat en english, format landscape, pour contenu média et presse.",SOS Expat press visual english global landscape,"Visuel SOS Expat utilisable pour article, média ou presse en english."
sos-expat-editorial-visual-global-english-landscape-024.webp,images/en/global/sos-expat-editorial-visual-global-english-landscape-024.webp,en,,,,,"Visuel éditorial SOS Expat en english, format landscape, pour contenu média et presse.",SOS Expat press visual english global landscape,"Visuel SOS Expat utilisable pour article, média ou presse en english."
sos-expat-editorial-visual-global-english-landscape-025.webp,images/en/global/sos-expat-editorial-visual-global-english-landscape-025.webp,en,,,,,"Visuel éditorial SOS Expat en english, format landscape, pour contenu média et presse.",SOS Expat press visual english global landscape,"Visuel SOS Expat utilisable pour article, média ou presse en english."
sos-expat-editorial-visual-global-english-landscape-026.webp,images/en/global/sos-expat-editorial-visual-global-english-landscape-026.webp,en,,,,,"Visuel éditorial SOS Expat en english, format landscape, pour contenu média et presse.",SOS Expat press visual english global landscape,"Visuel SOS Expat utilisable pour article, média ou presse en english."
sos-expat-editorial-visual-global-english-landscape-027.webp,images/en/global/sos-expat-editorial-visual-global-english-landscape-027.webp,en,,,,,"Visuel éditorial SOS Expat en english, format landscape, pour contenu média et presse.",SOS Expat press visual english global landscape,"Visuel SOS Expat utilisable pour article, média ou presse en english."
sos-expat-editorial-visual-global-english-landscape-028.webp,images/en/global/sos-expat-editorial-visual-global-english-landscape-028.webp,en,,,,,"Visuel éditorial SOS Expat en english, format landscape, pour contenu média et presse.",SOS Expat press visual english global landscape,"Visuel SOS Expat utilisable pour article, média ou presse en english."
sos-expat-editorial-visual-global-english-landscape-029.webp,images/en/global/sos-expat-editorial-visual-global-english-landscape-029.webp,en,,,,,"Visuel éditorial SOS Expat en english, format landscape, pour contenu média et presse.",SOS Expat press visual english global landscape,"Visuel SOS Expat utilisable pour article, média ou presse en english."
sos-expat-editorial-visual-global-english-landscape-030.webp,images/en/global/sos-expat-editorial-visual-global-english-landscape-030.webp,en,,,,,"Visuel éditorial SOS Expat en english, format landscape, pour contenu média et presse.",SOS Expat press visual english global landscape,"Visuel SOS Expat utilisable pour article, média ou presse en english."
sos-expat-editorial-visual-global-english-landscape-031.webp,images/en/global/sos-expat-editorial-visual-global-english-landscape-031.webp,en,,,,,"Visuel éditorial SOS Expat en english, format landscape, pour contenu média et presse.",SOS Expat press visual english global landscape,"Visuel SOS Expat utilisable pour article, média ou presse en english."
sos-expat-editorial-visual-global-english-portrait-032.webp,images/en/global/sos-expat-editorial-visual-global-english-portrait-032.webp,en,,,,,"Visuel éditorial SOS Expat en english, format portrait, pour contenu média et presse.",SOS Expat press visual english global portrait,"Visuel SOS Expat utilisable pour article, média ou presse en english."
sos-expat-editorial-visual-global-english-square-033.webp,images/en/global/sos-expat-editorial-visual-global-english-square-033.webp,en,,,,,"Visuel éditorial SOS Expat en english, format square, pour contenu média et presse.",SOS Expat press visual english global square,"Visuel SOS Expat utilisable pour article, média ou presse en english."
sos-expat-editorial-visual-global-english-landscape-034.webp,images/en/global/sos-expat-editorial-visual-global-english-landscape-034.webp,en,,,,,"Visuel éditorial SOS Expat en english, format landscape, pour contenu média et presse.",SOS Expat press visual english global landscape,"Visuel SOS Expat utilisable pour article, média ou presse en english."
sos-expat-editorial-visual-global-english-square-035.webp,images/en/global/sos-expat-editorial-visual-global-english-square-035.webp,en,,,,,"Visuel éditorial SOS Expat en english, format square, pour contenu média et presse.",SOS Expat press visual english global square,"Visuel SOS Expat utilisable pour article, média ou presse en english."
sos-expat-editorial-visual-global-english-square-036.webp,images/en/global/sos-expat-editorial-visual-global-english-square-036.webp,en,,,,,"Visuel éditorial SOS Expat en english, format square, pour contenu média et presse.",SOS Expat press visual english global square,"Visuel SOS Expat utilisable pour article, média ou presse en english."
sos-expat-editorial-visual-global-english-square-037.webp,images/en/global/sos-expat-editorial-visual-global-english-square-037.webp,en,,,,,"Visuel éditorial SOS Expat en english, format square, pour contenu média et presse.",SOS Expat press visual english global square,"Visuel SOS Expat utilisable pour article, média ou presse en english."
sos-expat-logo-global-english-square-038.webp,images/en/global/sos-expat-logo-global-english-square-038.webp,en,,,,,Logo SOS Expat version english global.,SOS Expat logo english global,Logo SOS Expat pour version english.
sos-expat-editorial-visual-global-english-portrait-039.webp,images/en/global/sos-expat-editorial-visual-global-english-portrait-039.webp,en,,,,,"Visuel éditorial SOS Expat en english, format portrait, pour contenu média et presse.",SOS Expat press visual english global portrait,"Visuel SOS Expat utilisable pour article, média ou presse en english."
sos-expat-editorial-visual-spain-spanish-square-001.webp,images/es/spain/sos-expat-editorial-visual-spain-spanish-square-001.webp,es,,,,,"Visuel éditorial SOS Expat en spanish, format square, pour contenu média et presse.",SOS Expat press visual spanish spain square,"Visuel SOS Expat utilisable pour article, média ou presse en spanish."
sos-expat-editorial-visual-spain-spanish-landscape-002.webp,images/es/spain/sos-expat-editorial-visual-spain-spanish-landscape-002.webp,es,,,,,"Visuel éditorial SOS Expat en spanish, format landscape, pour contenu média et presse.",SOS Expat press visual spanish spain landscape,"Visuel SOS Expat utilisable pour article, média ou presse en spanish."
sos-expat-editorial-visual-spain-spanish-landscape-003.webp,images/es/spain/sos-expat-editorial-visual-spain-spanish-landscape-003.webp,es,,,,,"Visuel éditorial SOS Expat en spanish, format landscape, pour contenu média et presse.",SOS Expat press visual spanish spain landscape,"Visuel SOS Expat utilisable pour article, média ou presse en spanish."
sos-expat-editorial-visual-spain-spanish-landscape-004.webp,images/es/spain/sos-expat-editorial-visual-spain-spanish-landscape-004.webp,es,,,,,"Visuel éditorial SOS Expat en spanish, format landscape, pour contenu média et presse.",SOS Expat press visual spanish spain landscape,"Visuel SOS Expat utilisable pour article, média ou presse en spanish."
sos-expat-editorial-visual-spain-spanish-landscape-005.webp,images/es/spain/sos-expat-editorial-visual-spain-spanish-landscape-005.webp,es,,,,,"Visuel éditorial SOS Expat en spanish, format landscape, pour contenu média et presse.",SOS Expat press visual spanish spain landscape,"Visuel SOS Expat utilisable pour article, média ou presse en spanish."
sos-expat-editorial-visual-spain-spanish-landscape-006.webp,images/es/spain/sos-expat-editorial-visual-spain-spanish-landscape-006.webp,es,,,,,"Visuel éditorial SOS Expat en spanish, format landscape, pour contenu média et presse.",SOS Expat press visual spanish spain landscape,"Visuel SOS Expat utilisable pour article, média ou presse en spanish."
sos-expat-editorial-visual-spain-spanish-landscape-007.webp,images/es/spain/sos-expat-editorial-visual-spain-spanish-landscape-007.webp,es,,,,,"Visuel éditorial SOS Expat en spanish, format landscape, pour contenu média et presse.",SOS Expat press visual spanish spain landscape,"Visuel SOS Expat utilisable pour article, média ou presse en spanish."
sos-expat-editorial-visual-spain-spanish-landscape-008.webp,images/es/spain/sos-expat-editorial-visual-spain-spanish-landscape-008.webp,es,,,,,"Visuel éditorial SOS Expat en spanish, format landscape, pour contenu média et presse.",SOS Expat press visual spanish spain landscape,"Visuel SOS Expat utilisable pour article, média ou presse en spanish."
sos-expat-editorial-visual-spain-spanish-landscape-009.webp,images/es/spain/sos-expat-editorial-visual-spain-spanish-landscape-009.webp,es,,,,,"Visuel éditorial SOS Expat en spanish, format landscape, pour contenu média et presse.",SOS Expat press visual spanish spain landscape,"Visuel SOS Expat utilisable pour article, média ou presse en spanish."
sos-expat-editorial-visual-spain-spanish-landscape-010.webp,images/es/spain/sos-expat-editorial-visual-spain-spanish-landscape-010.webp,es,,,,,"Visuel éditorial SOS Expat en spanish, format landscape, pour contenu média et presse.",SOS Expat press visual spanish spain landscape,"Visuel SOS Expat utilisable pour article, média ou presse en spanish."
sos-expat-editorial-visual-spain-spanish-square-011.webp,images/es/spain/sos-expat-editorial-visual-spain-spanish-square-011.webp,es,,,,,"Visuel éditorial SOS Expat en spanish, format square, pour contenu média et presse.",SOS Expat press visual spanish spain square,"Visuel SOS Expat utilisable pour article, média ou presse en spanish."
sos-expat-editorial-visual-spain-spanish-square-012.webp,images/es/spain/sos-expat-editorial-visual-spain-spanish-square-012.webp,es,,,,,"Visuel éditorial SOS Expat en spanish, format square, pour contenu média et presse.",SOS Expat press visual spanish spain square,"Visuel SOS Expat utilisable pour article, média ou presse en spanish."
sos-expat-editorial-visual-spain-spanish-landscape-013.webp,images/es/spain/sos-expat-editorial-visual-spain-spanish-landscape-013.webp,es,,,,,"Visuel éditorial SOS Expat en spanish, format landscape, pour contenu média et presse.",SOS Expat press visual spanish spain landscape,"Visuel SOS Expat utilisable pour article, média ou presse en spanish."
sos-expat-editorial-visual-spain-spanish-landscape-014.webp,images/es/spain/sos-expat-editorial-visual-spain-spanish-landscape-014.webp,es,,,,,"Visuel éditorial SOS Expat en spanish, format landscape, pour contenu média et presse.",SOS Expat press visual spanish spain landscape,"Visuel SOS Expat utilisable pour article, média ou presse en spanish."
sos-expat-editorial-visual-spain-spanish-square-015.webp,images/es/spain/sos-expat-editorial-visual-spain-spanish-square-015.webp,es,,,,,"Visuel éditorial SOS Expat en spanish, format square, pour contenu média et presse.",SOS Expat press visual spanish spain square,"Visuel SOS Expat utilisable pour article, média ou presse en spanish."
sos-expat-editorial-visual-spain-spanish-landscape-016.webp,images/es/spain/sos-expat-editorial-visual-spain-spanish-landscape-016.webp,es,,,,,"Visuel éditorial SOS Expat en spanish, format landscape, pour contenu média et presse.",SOS Expat press visual spanish spain landscape,"Visuel SOS Expat utilisable pour article, média ou presse en spanish."
sos-expat-editorial-visual-spain-spanish-square-017.webp,images/es/spain/sos-expat-editorial-visual-spain-spanish-square-017.webp,es,,,,,"Visuel éditorial SOS Expat en spanish, format square, pour contenu média et presse.",SOS Expat press visual spanish spain square,"Visuel SOS Expat utilisable pour article, média ou presse en spanish."
sos-expat-editorial-visual-spain-spanish-square-018.webp,images/es/spain/sos-expat-editorial-visual-spain-spanish-square-018.webp,es,,,,,"Visuel éditorial SOS Expat en spanish, format square, pour contenu média et presse.",SOS Expat press visual spanish spain square,"Visuel SOS Expat utilisable pour article, média ou presse en spanish."
sos-expat-editorial-visual-spain-spanish-square-019.webp,images/es/spain/sos-expat-editorial-visual-spain-spanish-square-019.webp,es,,,,,"Visuel éditorial SOS Expat en spanish, format square, pour contenu média et presse.",SOS Expat press visual spanish spain square,"Visuel SOS Expat utilisable pour article, média ou presse en spanish."
sos-expat-logo-spain-spanish-square-020.webp,images/es/spain/sos-expat-logo-spain-spanish-square-020.webp,es,,,,,Logo SOS Expat version spanish spain.,SOS Expat logo spanish spain,Logo SOS Expat pour version spanish.
sos-expat-editorial-visual-france-french-square-001.webp,images/fr/france/sos-expat-editorial-visual-france-french-square-001.webp,fr,,,,,"Visuel éditorial SOS Expat en french, format square, pour contenu média et presse.",SOS Expat press visual french france square,"Visuel SOS Expat utilisable pour article, média ou presse en french."
sos-expat-editorial-visual-france-french-landscape-002.webp,images/fr/france/sos-expat-editorial-visual-france-french-landscape-002.webp,fr,,,,,"Visuel éditorial SOS Expat en french, format landscape, pour contenu média et presse.",SOS Expat press visual french france landscape,"Visuel SOS Expat utilisable pour article, média ou presse en french."
sos-expat-editorial-visual-france-french-landscape-003.webp,images/fr/france/sos-expat-editorial-visual-france-french-landscape-003.webp,fr,,,,,"Visuel éditorial SOS Expat en french, format landscape, pour contenu média et presse.",SOS Expat press visual french france landscape,"Visuel SOS Expat utilisable pour article, média ou presse en french."
sos-expat-editorial-visual-france-french-landscape-004.webp,images/fr/france/sos-expat-editorial-visual-france-french-landscape-004.webp,fr,,,,,"Visuel éditorial SOS Expat en french, format landscape, pour contenu média et presse.",SOS Expat press visual french france landscape,"Visuel SOS Expat utilisable pour article, média ou presse en french."
sos-expat-editorial-visual-france-french-landscape-005.webp,images/fr/france/sos-expat-editorial-visual-france-french-landscape-005.webp,fr,,,,,"Visuel éditorial SOS Expat en french, format landscape, pour contenu média et presse.",SOS Expat press visual french france landscape,"Visuel SOS Expat utilisable pour article, média ou presse en french."
sos-expat-editorial-visual-france-french-landscape-006.webp,images/fr/france/sos-expat-editorial-visual-france-french-landscape-006.webp,fr,,,,,"Visuel éditorial SOS Expat en french, format landscape, pour contenu média et presse.",SOS Expat press visual french france landscape,"Visuel SOS Expat utilisable pour article, média ou presse en french."
sos-expat-editorial-visual-france-french-landscape-007.webp,images/fr/france/sos-expat-editorial-visual-france-french-landscape-007.webp,fr,,,,,"Visuel éditorial SOS Expat en french, format landscape, pour contenu média et presse.",SOS Expat press visual french france landscape,"Visuel SOS Expat utilisable pour article, média ou presse en french."
sos-expat-editorial-visual-france-french-landscape-008.webp,images/fr/france/sos-expat-editorial-visual-france-french-landscape-008.webp,fr,,,,,"Visuel éditorial SOS Expat en french, format landscape, pour contenu média et presse.",SOS Expat press visual french france landscape,"Visuel SOS Expat utilisable pour article, média ou presse en french."
sos-expat-editorial-visual-france-french-landscape-009.webp,images/fr/france/sos-expat-editorial-visual-france-french-landscape-009.webp,fr,,,,,"Visuel éditorial SOS Expat en french, format landscape, pour contenu média et presse.",SOS Expat press visual french france landscape,"Visuel SOS Expat utilisable pour article, média ou presse en french."
sos-expat-editorial-visual-france-french-landscape-010.webp,images/fr/france/sos-expat-editorial-visual-france-french-landscape-010.webp,fr,,,,,"Visuel éditorial SOS Expat en french, format landscape, pour contenu média et presse.",SOS Expat press visual french france landscape,"Visuel SOS Expat utilisable pour article, média ou presse en french."
sos-expat-editorial-visual-france-french-landscape-011.webp,images/fr/france/sos-expat-editorial-visual-france-french-landscape-011.webp,fr,,,,,"Visuel éditorial SOS Expat en french, format landscape, pour contenu média et presse.",SOS Expat press visual french france landscape,"Visuel SOS Expat utilisable pour article, média ou presse en french."
sos-expat-editorial-visual-france-french-landscape-012.webp,images/fr/france/sos-expat-editorial-visual-france-french-landscape-012.webp,fr,,,,,"Visuel éditorial SOS Expat en french, format landscape, pour contenu média et presse.",SOS Expat press visual french france landscape,"Visuel SOS Expat utilisable pour article, média ou presse en french."
sos-expat-editorial-visual-france-french-landscape-013.webp,images/fr/france/sos-expat-editorial-visual-france-french-landscape-013.webp,fr,,,,,"Visuel éditorial SOS Expat en french, format landscape, pour contenu média et presse.",SOS Expat press visual french france landscape,"Visuel SOS Expat utilisable pour article, média ou presse en french."
sos-expat-editorial-visual-france-french-landscape-014.webp,images/fr/france/sos-expat-editorial-visual-france-french-landscape-014.webp,fr,,,,,"Visuel éditorial SOS Expat en french, format landscape, pour contenu média et presse.",SOS Expat press visual french france landscape,"Visuel SOS Expat utilisable pour article, média ou presse en french."
sos-expat-editorial-visual-france-french-square-015.webp,images/fr/france/sos-expat-editorial-visual-france-french-square-015.webp,fr,,,,,"Visuel éditorial SOS Expat en french, format square, pour contenu média et presse.",SOS Expat press visual french france square,"Visuel SOS Expat utilisable pour article, média ou presse en french."
sos-expat-editorial-visual-france-french-square-016.webp,images/fr/france/sos-expat-editorial-visual-france-french-square-016.webp,fr,,,,,"Visuel éditorial SOS Expat en french, format square, pour contenu média et presse.",SOS Expat press visual french france square,"Visuel SOS Expat utilisable pour article, média ou presse en french."
sos-expat-editorial-visual-france-french-square-017.webp,images/fr/france/sos-expat-editorial-visual-france-french-square-017.webp,fr,,,,,"Visuel éditorial SOS Expat en french, format square, pour contenu média et presse.",SOS Expat press visual french france square,"Visuel SOS Expat utilisable pour article, média ou presse en french."
sos-expat-editorial-visual-france-french-landscape-018.webp,images/fr/france/sos-expat-editorial-visual-france-french-landscape-018.webp,fr,,,,,"Visuel éditorial SOS Expat en french, format landscape, pour contenu média et presse.",SOS Expat press visual french france landscape,"Visuel SOS Expat utilisable pour article, média ou presse en french."
sos-expat-editorial-visual-france-french-landscape-019.webp,images/fr/france/sos-expat-editorial-visual-france-french-landscape-019.webp,fr,,,,,"Visuel éditorial SOS Expat en french, format landscape, pour contenu média et presse.",SOS Expat press visual french france landscape,"Visuel SOS Expat utilisable pour article, média ou presse en french."
sos-expat-editorial-visual-france-french-landscape-020.webp,images/fr/france/sos-expat-editorial-visual-france-french-landscape-020.webp,fr,,,,,"Visuel éditorial SOS Expat en french, format landscape, pour contenu média et presse.",SOS Expat press visual french france landscape,"Visuel SOS Expat utilisable pour article, média ou presse en french."
sos-expat-editorial-visual-france-french-landscape-021.webp,images/fr/france/sos-expat-editorial-visual-france-french-landscape-021.webp,fr,,,,,"Visuel éditorial SOS Expat en french, format landscape, pour contenu média et presse.",SOS Expat press visual french france landscape,"Visuel SOS Expat utilisable pour article, média ou presse en french."
sos-expat-editorial-visual-france-french-landscape-022.webp,images/fr/france/sos-expat-editorial-visual-france-french-landscape-022.webp,fr,,,,,"Visuel éditorial SOS Expat en french, format landscape, pour contenu média et presse.",SOS Expat press visual french france landscape,"Visuel SOS Expat utilisable pour article, média ou presse en french."
sos-expat-editorial-visual-france-french-square-023.webp,images/fr/france/sos-expat-editorial-visual-france-french-square-023.webp,fr,,,,,"Visuel éditorial SOS Expat en french, format square, pour contenu média et presse.",SOS Expat press visual french france square,"Visuel SOS Expat utilisable pour article, média ou presse en french."
sos-expat-editorial-visual-france-french-landscape-024.webp,images/fr/france/sos-expat-editorial-visual-france-french-landscape-024.webp,fr,,,,,"Visuel éditorial SOS Expat en french, format landscape, pour contenu média et presse.",SOS Expat press visual french france landscape,"Visuel SOS Expat utilisable pour article, média ou presse en french."
sos-expat-editorial-visual-france-french-landscape-025.webp,images/fr/france/sos-expat-editorial-visual-france-french-landscape-025.webp,fr,,,,,"Visuel éditorial SOS Expat en french, format landscape, pour contenu média et presse.",SOS Expat press visual french france landscape,"Visuel SOS Expat utilisable pour article, média ou presse en french."
sos-expat-editorial-visual-france-french-square-026.webp,images/fr/france/sos-expat-editorial-visual-france-french-square-026.webp,fr,,,,,"Visuel éditorial SOS Expat en french, format square, pour contenu média et presse.",SOS Expat press visual french france square,"Visuel SOS Expat utilisable pour article, média ou presse en french."
sos-expat-editorial-visual-france-french-square-027.webp,images/fr/france/sos-expat-editorial-visual-france-french-square-027.webp,fr,,,,,"Visuel éditorial SOS Expat en french, format square, pour contenu média et presse.",SOS Expat press visual french france square,"Visuel SOS Expat utilisable pour article, média ou presse en french."
sos-expat-editorial-visual-france-french-square-028.webp,images/fr/france/sos-expat-editorial-visual-france-french-square-028.webp,fr,,,,,"Visuel éditorial SOS Expat en french, format square, pour contenu média et presse.",SOS Expat press visual french france square,"Visuel SOS Expat utilisable pour article, média ou presse en french."
sos-expat-editorial-visual-france-french-portrait-029.webp,images/fr/france/sos-expat-editorial-visual-france-french-portrait-029.webp,fr,,,,,"Visuel éditorial SOS Expat en french, format portrait, pour contenu média et presse.",SOS Expat press visual french france portrait,"Visuel SOS Expat utilisable pour article, média ou presse en french."
sos-expat-logo-france-french-square-030.webp,images/fr/france/sos-expat-logo-france-french-square-030.webp,fr,,,,,Logo SOS Expat version french france.,SOS Expat logo french france,Logo SOS Expat pour version french.
sos-expat-editorial-visual-france-french-portrait-031.webp,images/fr/france/sos-expat-editorial-visual-france-french-portrait-031.webp,fr,,,,,"Visuel éditorial SOS Expat en french, format portrait, pour contenu média et presse.",SOS Expat press visual french france portrait,"Visuel SOS Expat utilisable pour article, média ou presse en french."
sos-expat-editorial-visual-france-french-portrait-032.webp,images/fr/france/sos-expat-editorial-visual-france-french-portrait-032.webp,fr,,,,,"Visuel éditorial SOS Expat en french, format portrait, pour contenu média et presse.",SOS Expat press visual french france portrait,"Visuel SOS Expat utilisable pour article, média ou presse en french."
sos-expat-editorial-visual-india-hindi-square-001.webp,images/hi/india/sos-expat-editorial-visual-india-hindi-square-001.webp,hi,,,,,"Visuel éditorial SOS Expat en hindi, format square, pour contenu média et presse.",SOS Expat press visual hindi india square,"Visuel SOS Expat utilisable pour article, média ou presse en hindi."
sos-expat-editorial-visual-india-hindi-landscape-002.webp,images/hi/india/sos-expat-editorial-visual-india-hindi-landscape-002.webp,hi,,,,,"Visuel éditorial SOS Expat en hindi, format landscape, pour contenu média et presse.",SOS Expat press visual hindi india landscape,"Visuel SOS Expat utilisable pour article, média ou presse en hindi."
sos-expat-editorial-visual-india-hindi-landscape-003.webp,images/hi/india/sos-expat-editorial-visual-india-hindi-landscape-003.webp,hi,,,,,"Visuel éditorial SOS Expat en hindi, format landscape, pour contenu média et presse.",SOS Expat press visual hindi india landscape,"Visuel SOS Expat utilisable pour article, média ou presse en hindi."
sos-expat-editorial-visual-india-hindi-landscape-004.webp,images/hi/india/sos-expat-editorial-visual-india-hindi-landscape-004.webp,hi,,,,,"Visuel éditorial SOS Expat en hindi, format landscape, pour contenu média et presse.",SOS Expat press visual hindi india landscape,"Visuel SOS Expat utilisable pour article, média ou presse en hindi."
sos-expat-editorial-visual-india-hindi-landscape-005.webp,images/hi/india/sos-expat-editorial-visual-india-hindi-landscape-005.webp,hi,,,,,"Visuel éditorial SOS Expat en hindi, format landscape, pour contenu média et presse.",SOS Expat press visual hindi india landscape,"Visuel SOS Expat utilisable pour article, média ou presse en hindi."
sos-expat-editorial-visual-india-hindi-landscape-006.webp,images/hi/india/sos-expat-editorial-visual-india-hindi-landscape-006.webp,hi,,,,,"Visuel éditorial SOS Expat en hindi, format landscape, pour contenu média et presse.",SOS Expat press visual hindi india landscape,"Visuel SOS Expat utilisable pour article, média ou presse en hindi."
sos-expat-editorial-visual-india-hindi-landscape-007.webp,images/hi/india/sos-expat-editorial-visual-india-hindi-landscape-007.webp,hi,,,,,"Visuel éditorial SOS Expat en hindi, format landscape, pour contenu média et presse.",SOS Expat press visual hindi india landscape,"Visuel SOS Expat utilisable pour article, média ou presse en hindi."
sos-expat-editorial-visual-india-hindi-landscape-008.webp,images/hi/india/sos-expat-editorial-visual-india-hindi-landscape-008.webp,hi,,,,,"Visuel éditorial SOS Expat en hindi, format landscape, pour contenu média et presse.",SOS Expat press visual hindi india landscape,"Visuel SOS Expat utilisable pour article, média ou presse en hindi."
sos-expat-editorial-visual-india-hindi-landscape-009.webp,images/hi/india/sos-expat-editorial-visual-india-hindi-landscape-009.webp,hi,,,,,"Visuel éditorial SOS Expat en hindi, format landscape, pour contenu média et presse.",SOS Expat press visual hindi india landscape,"Visuel SOS Expat utilisable pour article, média ou presse en hindi."
sos-expat-editorial-visual-india-hindi-landscape-010.webp,images/hi/india/sos-expat-editorial-visual-india-hindi-landscape-010.webp,hi,,,,,"Visuel éditorial SOS Expat en hindi, format landscape, pour contenu média et presse.",SOS Expat press visual hindi india landscape,"Visuel SOS Expat utilisable pour article, média ou presse en hindi."
sos-expat-editorial-visual-india-hindi-square-011.webp,images/hi/india/sos-expat-editorial-visual-india-hindi-square-011.webp,hi,,,,,"Visuel éditorial SOS Expat en hindi, format square, pour contenu média et presse.",SOS Expat press visual hindi india square,"Visuel SOS Expat utilisable pour article, média ou presse en hindi."
sos-expat-editorial-visual-india-hindi-square-012.webp,images/hi/india/sos-expat-editorial-visual-india-hindi-square-012.webp,hi,,,,,"Visuel éditorial SOS Expat en hindi, format square, pour contenu média et presse.",SOS Expat press visual hindi india square,"Visuel SOS Expat utilisable pour article, média ou presse en hindi."
sos-expat-editorial-visual-india-hindi-landscape-013.webp,images/hi/india/sos-expat-editorial-visual-india-hindi-landscape-013.webp,hi,,,,,"Visuel éditorial SOS Expat en hindi, format landscape, pour contenu média et presse.",SOS Expat press visual hindi india landscape,"Visuel SOS Expat utilisable pour article, média ou presse en hindi."
sos-expat-editorial-visual-india-hindi-landscape-014.webp,images/hi/india/sos-expat-editorial-visual-india-hindi-landscape-014.webp,hi,,,,,"Visuel éditorial SOS Expat en hindi, format landscape, pour contenu média et presse.",SOS Expat press visual hindi india landscape,"Visuel SOS Expat utilisable pour article, média ou presse en hindi."
sos-expat-editorial-visual-india-hindi-landscape-015.webp,images/hi/india/sos-expat-editorial-visual-india-hindi-landscape-015.webp,hi,,,,,"Visuel éditorial SOS Expat en hindi, format landscape, pour contenu média et presse.",SOS Expat press visual hindi india landscape,"Visuel SOS Expat utilisable pour article, média ou presse en hindi."
sos-expat-editorial-visual-india-hindi-square-016.webp,images/hi/india/sos-expat-editorial-visual-india-hindi-square-016.webp,hi,,,,,"Visuel éditorial SOS Expat en hindi, format square, pour contenu média et presse.",SOS Expat press visual hindi india square,"Visuel SOS Expat utilisable pour article, média ou presse en hindi."
sos-expat-editorial-visual-india-hindi-square-017.webp,images/hi/india/sos-expat-editorial-visual-india-hindi-square-017.webp,hi,,,,,"Visuel éditorial SOS Expat en hindi, format square, pour contenu média et presse.",SOS Expat press visual hindi india square,"Visuel SOS Expat utilisable pour article, média ou presse en hindi."
sos-expat-editorial-visual-india-hindi-square-018.webp,images/hi/india/sos-expat-editorial-visual-india-hindi-square-018.webp,hi,,,,,"Visuel éditorial SOS Expat en hindi, format square, pour contenu média et presse.",SOS Expat press visual hindi india square,"Visuel SOS Expat utilisable pour article, média ou presse en hindi."
sos-expat-logo-india-hindi-square-019.webp,images/hi/india/sos-expat-logo-india-hindi-square-019.webp,hi,,,,,Logo SOS Expat version hindi india.,SOS Expat logo hindi india,Logo SOS Expat pour version hindi.
sos-expat-editorial-visual-portugal-portuguese-square-001.webp,images/pt/portugal/sos-expat-editorial-visual-portugal-portuguese-square-001.webp,pt,,,,,"Visuel éditorial SOS Expat en portuguese, format square, pour contenu média et presse.",SOS Expat press visual portuguese portugal square,"Visuel SOS Expat utilisable pour article, média ou presse en portuguese."
sos-expat-editorial-visual-portugal-portuguese-landscape-002.webp,images/pt/portugal/sos-expat-editorial-visual-portugal-portuguese-landscape-002.webp,pt,,,,,"Visuel éditorial SOS Expat en portuguese, format landscape, pour contenu média et presse.",SOS Expat press visual portuguese portugal landscape,"Visuel SOS Expat utilisable pour article, média ou presse en portuguese."
sos-expat-editorial-visual-portugal-portuguese-landscape-003.webp,images/pt/portugal/sos-expat-editorial-visual-portugal-portuguese-landscape-003.webp,pt,,,,,"Visuel éditorial SOS Expat en portuguese, format landscape, pour contenu média et presse.",SOS Expat press visual portuguese portugal landscape,"Visuel SOS Expat utilisable pour article, média ou presse en portuguese."
sos-expat-editorial-visual-portugal-portuguese-landscape-004.webp,images/pt/portugal/sos-expat-editorial-visual-portugal-portuguese-landscape-004.webp,pt,,,,,"Visuel éditorial SOS Expat en portuguese, format landscape, pour contenu média et presse.",SOS Expat press visual portuguese portugal landscape,"Visuel SOS Expat utilisable pour article, média ou presse en portuguese."
sos-expat-editorial-visual-portugal-portuguese-landscape-005.webp,images/pt/portugal/sos-expat-editorial-visual-portugal-portuguese-landscape-005.webp,pt,,,,,"Visuel éditorial SOS Expat en portuguese, format landscape, pour contenu média et presse.",SOS Expat press visual portuguese portugal landscape,"Visuel SOS Expat utilisable pour article, média ou presse en portuguese."
sos-expat-editorial-visual-portugal-portuguese-landscape-006.webp,images/pt/portugal/sos-expat-editorial-visual-portugal-portuguese-landscape-006.webp,pt,,,,,"Visuel éditorial SOS Expat en portuguese, format landscape, pour contenu média et presse.",SOS Expat press visual portuguese portugal landscape,"Visuel SOS Expat utilisable pour article, média ou presse en portuguese."
sos-expat-editorial-visual-portugal-portuguese-landscape-007.webp,images/pt/portugal/sos-expat-editorial-visual-portugal-portuguese-landscape-007.webp,pt,,,,,"Visuel éditorial SOS Expat en portuguese, format landscape, pour contenu média et presse.",SOS Expat press visual portuguese portugal landscape,"Visuel SOS Expat utilisable pour article, média ou presse en portuguese."
sos-expat-editorial-visual-portugal-portuguese-landscape-008.webp,images/pt/portugal/sos-expat-editorial-visual-portugal-portuguese-landscape-008.webp,pt,,,,,"Visuel éditorial SOS Expat en portuguese, format landscape, pour contenu média et presse.",SOS Expat press visual portuguese portugal landscape,"Visuel SOS Expat utilisable pour article, média ou presse en portuguese."
sos-expat-editorial-visual-portugal-portuguese-landscape-009.webp,images/pt/portugal/sos-expat-editorial-visual-portugal-portuguese-landscape-009.webp,pt,,,,,"Visuel éditorial SOS Expat en portuguese, format landscape, pour contenu média et presse.",SOS Expat press visual portuguese portugal landscape,"Visuel SOS Expat utilisable pour article, média ou presse en portuguese."
sos-expat-editorial-visual-portugal-portuguese-landscape-010.webp,images/pt/portugal/sos-expat-editorial-visual-portugal-portuguese-landscape-010.webp,pt,,,,,"Visuel éditorial SOS Expat en portuguese, format landscape, pour contenu média et presse.",SOS Expat press visual portuguese portugal landscape,"Visuel SOS Expat utilisable pour article, média ou presse en portuguese."
sos-expat-editorial-visual-portugal-portuguese-square-011.webp,images/pt/portugal/sos-expat-editorial-visual-portugal-portuguese-square-011.webp,pt,,,,,"Visuel éditorial SOS Expat en portuguese, format square, pour contenu média et presse.",SOS Expat press visual portuguese portugal square,"Visuel SOS Expat utilisable pour article, média ou presse en portuguese."
sos-expat-editorial-visual-portugal-portuguese-square-012.webp,images/pt/portugal/sos-expat-editorial-visual-portugal-portuguese-square-012.webp,pt,,,,,"Visuel éditorial SOS Expat en portuguese, format square, pour contenu média et presse.",SOS Expat press visual portuguese portugal square,"Visuel SOS Expat utilisable pour article, média ou presse en portuguese."
sos-expat-editorial-visual-portugal-portuguese-landscape-013.webp,images/pt/portugal/sos-expat-editorial-visual-portugal-portuguese-landscape-013.webp,pt,,,,,"Visuel éditorial SOS Expat en portuguese, format landscape, pour contenu média et presse.",SOS Expat press visual portuguese portugal landscape,"Visuel SOS Expat utilisable pour article, média ou presse en portuguese."
sos-expat-editorial-visual-portugal-portuguese-landscape-014.webp,images/pt/portugal/sos-expat-editorial-visual-portugal-portuguese-landscape-014.webp,pt,,,,,"Visuel éditorial SOS Expat en portuguese, format landscape, pour contenu média et presse.",SOS Expat press visual portuguese portugal landscape,"Visuel SOS Expat utilisable pour article, média ou presse en portuguese."
sos-expat-editorial-visual-portugal-portuguese-square-015.webp,images/pt/portugal/sos-expat-editorial-visual-portugal-portuguese-square-015.webp,pt,,,,,"Visuel éditorial SOS Expat en portuguese, format square, pour contenu média et presse.",SOS Expat press visual portuguese portugal square,"Visuel SOS Expat utilisable pour article, média ou presse en portuguese."
sos-expat-editorial-visual-portugal-portuguese-landscape-016.webp,images/pt/portugal/sos-expat-editorial-visual-portugal-portuguese-landscape-016.webp,pt,,,,,"Visuel éditorial SOS Expat en portuguese, format landscape, pour contenu média et presse.",SOS Expat press visual portuguese portugal landscape,"Visuel SOS Expat utilisable pour article, média ou presse en portuguese."
sos-expat-editorial-visual-portugal-portuguese-square-017.webp,images/pt/portugal/sos-expat-editorial-visual-portugal-portuguese-square-017.webp,pt,,,,,"Visuel éditorial SOS Expat en portuguese, format square, pour contenu média et presse.",SOS Expat press visual portuguese portugal square,"Visuel SOS Expat utilisable pour article, média ou presse en portuguese."
sos-expat-editorial-visual-portugal-portuguese-square-018.webp,images/pt/portugal/sos-expat-editorial-visual-portugal-portuguese-square-018.webp,pt,,,,,"Visuel éditorial SOS Expat en portuguese, format square, pour contenu média et presse.",SOS Expat press visual portuguese portugal square,"Visuel SOS Expat utilisable pour article, média ou presse en portuguese."
sos-expat-editorial-visual-portugal-portuguese-square-019.webp,images/pt/portugal/sos-expat-editorial-visual-portugal-portuguese-square-019.webp,pt,,,,,"Visuel éditorial SOS Expat en portuguese, format square, pour contenu média et presse.",SOS Expat press visual portuguese portugal square,"Visuel SOS Expat utilisable pour article, média ou presse en portuguese."
sos-expat-logo-portugal-portuguese-square-020.webp,images/pt/portugal/sos-expat-logo-portugal-portuguese-square-020.webp,pt,,,,,Logo SOS Expat version portuguese portugal.,SOS Expat logo portuguese portugal,Logo SOS Expat pour version portuguese.
sos-expat-editorial-visual-russia-russian-square-001.webp,images/ru/russia/sos-expat-editorial-visual-russia-russian-square-001.webp,ru,,,,,"Visuel éditorial SOS Expat en russian, format square, pour contenu média et presse.",SOS Expat press visual russian russia square,"Visuel SOS Expat utilisable pour article, média ou presse en russian."
sos-expat-editorial-visual-russia-russian-landscape-002.webp,images/ru/russia/sos-expat-editorial-visual-russia-russian-landscape-002.webp,ru,,,,,"Visuel éditorial SOS Expat en russian, format landscape, pour contenu média et presse.",SOS Expat press visual russian russia landscape,"Visuel SOS Expat utilisable pour article, média ou presse en russian."
sos-expat-editorial-visual-russia-russian-landscape-003.webp,images/ru/russia/sos-expat-editorial-visual-russia-russian-landscape-003.webp,ru,,,,,"Visuel éditorial SOS Expat en russian, format landscape, pour contenu média et presse.",SOS Expat press visual russian russia landscape,"Visuel SOS Expat utilisable pour article, média ou presse en russian."
sos-expat-editorial-visual-russia-russian-landscape-004.webp,images/ru/russia/sos-expat-editorial-visual-russia-russian-landscape-004.webp,ru,,,,,"Visuel éditorial SOS Expat en russian, format landscape, pour contenu média et presse.",SOS Expat press visual russian russia landscape,"Visuel SOS Expat utilisable pour article, média ou presse en russian."
sos-expat-editorial-visual-russia-russian-landscape-005.webp,images/ru/russia/sos-expat-editorial-visual-russia-russian-landscape-005.webp,ru,,,,,"Visuel éditorial SOS Expat en russian, format landscape, pour contenu média et presse.",SOS Expat press visual russian russia landscape,"Visuel SOS Expat utilisable pour article, média ou presse en russian."
sos-expat-editorial-visual-russia-russian-landscape-006.webp,images/ru/russia/sos-expat-editorial-visual-russia-russian-landscape-006.webp,ru,,,,,"Visuel éditorial SOS Expat en russian, format landscape, pour contenu média et presse.",SOS Expat press visual russian russia landscape,"Visuel SOS Expat utilisable pour article, média ou presse en russian."
sos-expat-editorial-visual-russia-russian-landscape-007.webp,images/ru/russia/sos-expat-editorial-visual-russia-russian-landscape-007.webp,ru,,,,,"Visuel éditorial SOS Expat en russian, format landscape, pour contenu média et presse.",SOS Expat press visual russian russia landscape,"Visuel SOS Expat utilisable pour article, média ou presse en russian."
sos-expat-editorial-visual-russia-russian-landscape-008.webp,images/ru/russia/sos-expat-editorial-visual-russia-russian-landscape-008.webp,ru,,,,,"Visuel éditorial SOS Expat en russian, format landscape, pour contenu média et presse.",SOS Expat press visual russian russia landscape,"Visuel SOS Expat utilisable pour article, média ou presse en russian."
sos-expat-editorial-visual-russia-russian-landscape-009.webp,images/ru/russia/sos-expat-editorial-visual-russia-russian-landscape-009.webp,ru,,,,,"Visuel éditorial SOS Expat en russian, format landscape, pour contenu média et presse.",SOS Expat press visual russian russia landscape,"Visuel SOS Expat utilisable pour article, média ou presse en russian."
sos-expat-editorial-visual-russia-russian-landscape-010.webp,images/ru/russia/sos-expat-editorial-visual-russia-russian-landscape-010.webp,ru,,,,,"Visuel éditorial SOS Expat en russian, format landscape, pour contenu média et presse.",SOS Expat press visual russian russia landscape,"Visuel SOS Expat utilisable pour article, média ou presse en russian."
sos-expat-editorial-visual-russia-russian-square-011.webp,images/ru/russia/sos-expat-editorial-visual-russia-russian-square-011.webp,ru,,,,,"Visuel éditorial SOS Expat en russian, format square, pour contenu média et presse.",SOS Expat press visual russian russia square,"Visuel SOS Expat utilisable pour article, média ou presse en russian."
sos-expat-editorial-visual-russia-russian-square-012.webp,images/ru/russia/sos-expat-editorial-visual-russia-russian-square-012.webp,ru,,,,,"Visuel éditorial SOS Expat en russian, format square, pour contenu média et presse.",SOS Expat press visual russian russia square,"Visuel SOS Expat utilisable pour article, média ou presse en russian."
sos-expat-editorial-visual-russia-russian-landscape-013.webp,images/ru/russia/sos-expat-editorial-visual-russia-russian-landscape-013.webp,ru,,,,,"Visuel éditorial SOS Expat en russian, format landscape, pour contenu média et presse.",SOS Expat press visual russian russia landscape,"Visuel SOS Expat utilisable pour article, média ou presse en russian."
sos-expat-editorial-visual-russia-russian-landscape-014.webp,images/ru/russia/sos-expat-editorial-visual-russia-russian-landscape-014.webp,ru,,,,,"Visuel éditorial SOS Expat en russian, format landscape, pour contenu média et presse.",SOS Expat press visual russian russia landscape,"Visuel SOS Expat utilisable pour article, média ou presse en russian."
sos-expat-editorial-visual-russia-russian-landscape-015.webp,images/ru/russia/sos-expat-editorial-visual-russia-russian-landscape-015.webp,ru,,,,,"Visuel éditorial SOS Expat en russian, format landscape, pour contenu média et presse.",SOS Expat press visual russian russia landscape,"Visuel SOS Expat utilisable pour article, média ou presse en russian."
sos-expat-editorial-visual-russia-russian-square-016.webp,images/ru/russia/sos-expat-editorial-visual-russia-russian-square-016.webp,ru,,,,,"Visuel éditorial SOS Expat en russian, format square, pour contenu média et presse.",SOS Expat press visual russian russia square,"Visuel SOS Expat utilisable pour article, média ou presse en russian."
sos-expat-editorial-visual-russia-russian-square-017.webp,images/ru/russia/sos-expat-editorial-visual-russia-russian-square-017.webp,ru,,,,,"Visuel éditorial SOS Expat en russian, format square, pour contenu média et presse.",SOS Expat press visual russian russia square,"Visuel SOS Expat utilisable pour article, média ou presse en russian."
sos-expat-editorial-visual-russia-russian-square-018.webp,images/ru/russia/sos-expat-editorial-visual-russia-russian-square-018.webp,ru,,,,,"Visuel éditorial SOS Expat en russian, format square, pour contenu média et presse.",SOS Expat press visual russian russia square,"Visuel SOS Expat utilisable pour article, média ou presse en russian."
sos-expat-logo-russia-russian-square-019.webp,images/ru/russia/sos-expat-logo-russia-russian-square-019.webp,ru,,,,,Logo SOS Expat version russian russia.,SOS Expat logo russian russia,Logo SOS Expat pour version russian.
sos-expat-editorial-visual-global-global-portrait-001.webp,images/global/global/sos-expat-editorial-visual-global-global-portrait-001.webp,global,,,,,Visuel éditorial global SOS Expat.,SOS Expat global press visual,Visuel global SOS Expat pour média et presse.
